{
    "loss": 0.4290514588356018,
    "accuracy": 0.9224137663841248
}